model,auroc,auprc,top_k,top_k_recall,enrichment_at_k,variants
RNABERT zero-shot token distance,0.9977057613168725,0.9984515486869241,45.0,0.16666666666666666,1.6666666666666667,450
RNA-FM zero-shot embedding distance,0.9972942386831276,0.9982241195794916,45.0,0.16666666666666666,1.6666666666666667,450
SpliceAI signal proxy,0.8382304526748972,0.9134677207309513,45.0,0.16666666666666666,1.6666666666666667,450
MaxEntScan consensus proxy,0.8407407407407408,0.8837532891476889,45.0,0.16666666666666666,1.6666666666666667,450
CNN motif baseline,0.8296296296296296,0.8734244623551124,45.0,0.16666666666666666,1.6666666666666667,450
RNABERT frozen token + MLP,0.6826954732510289,0.8090525266070101,45.0,0.15555555555555556,1.5555555555555556,450
RNA-FM frozen k-mer + MLP,0.613477366255144,0.7572833360651487,45.0,0.16296296296296298,1.6296296296296295,450
