model_key,model,split,train_rows,valid_rows,fit_seconds,checkpoint,accuracy,macro_precision,macro_recall,macro_f1,auroc,auprc,donor_f1,acceptor_f1,non_splice_f1
cnn,CNN baseline (PyTorch Conv1D),valid,60000,15000,310.4654281139374,/home/hkqxhy/cal_bio/results/checkpoints/experiment_1/cnn.joblib,0.8692666666666666,0.8708293701026797,0.8692666666666667,0.8659673928231855,0.9668517400000001,0.9353805225103593,0.9414278776104905,0.8701457451810061,0.7863285556780596
