model,mae,rmse,r2,rows
site_sequence_proxy,0.08432222866893106,0.11092396214297515,0.426889834560373,200
site_plus_tissue_label,0.08535419333909648,0.1126569444084478,0.40884237011156577,200
site_plus_tissue_program,0.01963601165977397,0.02575500742129906,0.9691033977070851,200
