model,test_easy_macro_f1,test_easy_auprc,test_hard_macro_f1,test_hard_auprc,cross_gene_macro_f1,cross_gene_auprc,hard_negative_fpr,hard_negative_rows,hard_negative_count,hard_negative_false_positives,hard_negative_filter,test_easy_rows,test_hard_rows,cross_gene_rows
CNN baseline (PyTorch Conv1D),1.0,1.0,0.8390294428040058,0.9983258833935351,0.8820720704200609,0.9987244556318013,0.4925373134328358,67,67,33,label == 2 and negative_type contains 'hard',218,252,285
RNA-FM frozen encoder + MLP,0.9801596527939239,0.9986917713876081,0.9659090909090909,0.9911195629825228,0.9726430976430978,0.9940381992684452,0.07462686567164178,67,67,5,label == 2 and negative_type contains 'hard',218,252,285
RNABERT frozen encoder + MLP,0.9931626782289668,0.9997029114676174,0.9871467833923729,0.9996599597303278,0.9896404547567134,0.9997909154253559,0.029850746268656716,67,67,2,label == 2 and negative_type contains 'hard',218,252,285
