model,test_easy_macro_f1,test_easy_auprc,test_hard_macro_f1,test_hard_auprc,cross_gene_macro_f1,cross_gene_auprc,hard_negative_fpr,hard_negative_rows,hard_negative_count,hard_negative_false_positives,hard_negative_filter,test_easy_rows,test_hard_rows,cross_gene_rows
CNN baseline (PyTorch Conv1D),0.6334378796869261,0.6651035038936822,0.8193040273087119,0.9046654318747743,0.8193040273087119,0.9046654318747743,0.3548387096774194,155,155,55,label == 2 and negative_type contains 'hard',276,431,431
RNA-FM frozen encoder + MLP,0.6063990294131372,0.6638543659941921,0.7869068064474994,0.8438983615486091,0.7869068064474994,0.8438983615486091,0.3096774193548387,155,155,48,label == 2 and negative_type contains 'hard',276,431,431
RNABERT frozen encoder + MLP,0.6263997022989672,0.6635198201325022,0.814936773046732,0.8733389364583305,0.814936773046732,0.8733389364583305,0.32903225806451614,155,155,51,label == 2 and negative_type contains 'hard',276,431,431
