model,mae,rmse,r2,rows
site_strength_only,0.17219767389017968,0.2021568126597459,0.1660168321135409,42
topology_only,0.08460996266884571,0.10152166164122539,0.7896715811272547,42
site_plus_topology,0.07452451328020213,0.09176428020378721,0.8281585822928125,42
