accuracy,macro_f1,auroc,auprc,experiment,model,hard_negative_fpr,test_rows
0.743859649122807,0.7096855735121554,0.8284689210127807,0.6731583206982825,local_motif_sufficiency,Motif-only GT/AG rule,1.0,285
0.856140350877193,0.8514415815693965,0.9423168320675247,0.8888474211588019,local_motif_sufficiency,MaxEntScan local score + motif,0.5970149253731343,285
0.8526315789473684,0.8525662343420907,0.9442228895562229,0.8743892704045622,local_motif_sufficiency,Short-context one-hot +/-10,0.417910447761194,285
0.8526315789473684,0.8524844720496895,0.9482581042581043,0.884378395590486,local_motif_sufficiency,Short-context one-hot +/-50,0.43283582089552236,285
0.8526315789473684,0.8524844720496895,0.9482581042581043,0.884378395590486,local_motif_sufficiency,Short-context one-hot +/-200,0.43283582089552236,285
0.8526315789473684,0.8524844720496895,0.9482581042581043,0.884378395590486,local_motif_sufficiency,Short-context one-hot +/-400,0.43283582089552236,285
