model,mae,rmse,r2,rows
site_sequence_proxy,0.08432222866893109,0.11092396214297515,0.426889834560373,200
site_plus_tissue_label,0.08535419333909645,0.11265694440844778,0.408842370111566,200
site_plus_tissue_program,0.019636011659773966,0.02575500742129906,0.9691033977070851,200
