model_key,model,model_type,backend,split,rows,accuracy,macro_precision,macro_recall,macro_f1,auroc,auprc,donor_f1,acceptor_f1,non_splice_f1,hard_negative_fpr,hard_negative_count,hard_negative_false_positives,hard_negative_selection
rnafm,RNA-FM frozen encoder + MLP,frozen encoder,local_pretrained_backbone,test,285,0.9508771929824561,0.9521525991738758,0.9526315789473684,0.9518811743337574,0.9938411819021237,0.9887571069391843,0.9333333333333333,0.994475138121547,0.9278350515463918,0.14925373134328357,67,10,label == 2 and negative_type contains 'hard'
rnabert,RNABERT frozen encoder + MLP,frozen encoder,local_pretrained_backbone,test,285,0.9929824561403509,0.9931944444444444,0.992962962962963,0.9930592685756627,0.9999089345756013,0.9998252796865245,0.9947643979057592,0.994413407821229,0.99,0.014925373134328358,67,1,label == 2 and negative_type contains 'hard'
