model_key,model,split,rows,accuracy,macro_precision,macro_recall,macro_f1,auroc,auprc,donor_f1,acceptor_f1,non_splice_f1,hard_negative_fpr
rnafm,RNA-FM frozen encoder + MLP,test,900,0.7922222222222223,0.7921841190741592,0.7922222222222223,0.7921746229441678,0.9209444444444445,0.8528170809369818,0.8855721393034826,0.7932773109243697,0.6976744186046512,
rnabert,RNABERT frozen encoder + MLP,test,900,0.8411111111111111,0.8413881763998861,0.8411111111111111,0.8380707691002812,0.9537833333333333,0.9164954947451521,0.9223140495867769,0.8491446345256609,0.7427536231884058,
