CHROM,POS,REF,ALT,Pangolin
chr1,69134,A,G,ENSG00000186092.7|-41:0.05000000074505806|-50:0.0|Warnings:
chr1,69241,C,T,ENSG00000186092.7|4:0.0|-50:0.0|Warnings:
chr1,69308,A,G,ENSG00000186092.7|-4:0.0|-50:0.0|Warnings:
chr1,69314,T,G,ENSG00000186092.7|-1:0.009999999776482582|-50:0.0|Warnings:
chr1,69404,T,C,ENSG00000186092.7|1:0.0|-50:0.0|Warnings:
