model_key,model,split,train_rows,valid_rows,fit_seconds,checkpoint,accuracy,macro_precision,macro_recall,macro_f1,auroc,auprc,donor_f1,acceptor_f1,non_splice_f1
cnn,CNN baseline (PyTorch Conv1D),valid,855,120,1.6564137935638428,D:\CAL_BIO\results\checkpoints\experiment_1\cnn.joblib,0.8916666666666667,0.9212121212121213,0.8505747126436782,0.8590301641848034,0.9821796976969391,0.9613935876798557,1.0,0.865979381443299,0.7111111111111111
rnafm,RNA-FM frozen encoder + MLP,valid,855,120,2.067009449005127,D:\CAL_BIO\results\checkpoints\experiment_1\rnafm.joblib,0.95,0.9419605407937598,0.9486668230510595,0.9448412698412699,0.9955602349448182,0.9902301848862601,0.9583333333333334,0.9761904761904762,0.9
rnabert,RNABERT frozen encoder + MLP,valid,855,120,0.29493212699890137,D:\CAL_BIO\results\checkpoints\experiment_1\rnabert.joblib,1.0,1.0,1.0,1.0,1.0,1.0,1.0,1.0,1.0
