model_key,model,model_type,backend,split,rows,accuracy,macro_precision,macro_recall,macro_f1,auroc,auprc,donor_f1,acceptor_f1,non_splice_f1,hard_negative_fpr,hard_negative_rows,hard_negative_count,hard_negative_false_positives,hard_negative_filter
cnn,CNN baseline (PyTorch Conv1D),baseline,pytorch_conv1d,test,285,0.9017543859649123,0.9196047008547009,0.9066666666666666,0.9005129725408817,0.9899309565976232,0.9801601939441372,0.9947643979057592,0.8695652173913043,0.8372093023255814,0.417910447761194,67,67,28,label == 2 and negative_type contains 'hard'
rnafm,RNA-FM frozen encoder + MLP,frozen encoder,local_pretrained_or_proxy_fallback,test,285,0.9508771929824561,0.9521525991738758,0.9526315789473684,0.9518811743337574,0.9938411819021237,0.9887571069391843,0.9333333333333333,0.994475138121547,0.9278350515463918,0.14925373134328357,67,67,10,label == 2 and negative_type contains 'hard'
rnabert,RNABERT frozen encoder + MLP,frozen encoder,local_pretrained_or_proxy_fallback,test,285,0.9929824561403509,0.9931944444444444,0.992962962962963,0.9930592685756627,0.9999089345756013,0.9998252796865245,0.9947643979057592,0.994413407821229,0.99,0.014925373134328358,67,67,1,label == 2 and negative_type contains 'hard'
spliceai,SpliceAI optional real tool (proxy fallback),proxy,spliceai_signal_proxy,test,285,0.8736842105263158,0.8920361247947456,0.88,0.8680128872014204,0.9980534893868228,0.9962108423557594,0.9004739336492891,0.9230769230769231,0.7804878048780488,0.5223880597014925,67,67,35,label == 2 and negative_type contains 'hard'
