model_key,model,split,train_rows,valid_rows,fit_seconds,checkpoint,best_epoch,best_valid_macro_f1,epochs_trained,accuracy,macro_precision,macro_recall,macro_f1,auroc,auprc,donor_f1,acceptor_f1,non_splice_f1
cnn,CNN baseline (PyTorch Conv1D),valid,2339,230,1.6596169471740723,results\checkpoints\experiment_1\cnn.joblib,5.0,0.8526723519092738,5.0,0.8565217391304348,0.8568020047855196,0.8619995261786307,0.8526723519092738,0.9656147097622095,0.9344336551272908,0.9575757575757575,0.821917808219178,0.7785234899328859
rnafm,RNA-FM frozen encoder + MLP,valid,2339,230,8.570512056350708,results\checkpoints\experiment_1\rnafm.joblib,,,,0.808695652173913,0.8124028749028748,0.808033371418975,0.8099329738351834,0.9348604619941151,0.8785875237394217,0.89171974522293,0.7938931297709924,0.7441860465116279
rnabert,RNABERT frozen encoder + MLP,valid,2339,230,1.420839548110962,results\checkpoints\experiment_1\rnabert.joblib,,,,0.8217391304347826,0.8195934500282327,0.8279908474505112,0.8198153494526644,0.955022382494345,0.9168940549499656,0.9079754601226994,0.8194444444444444,0.7320261437908496
