model_key,model,split,rows,accuracy,macro_precision,macro_recall,macro_f1,auroc,auprc,donor_f1,acceptor_f1,non_splice_f1,hard_negative_fpr
cnn,CNN baseline (PyTorch Conv1D),test,30000,0.874,0.8750721089553445,0.874,0.8711744181364155,0.9684185983333333,0.9384271160576428,0.9442903712353428,0.8730781966980462,0.7961546864758575,
rnafm,RNA-FM + MLP,test,30000,0.8453666666666667,0.8436250470979708,0.8453666666666667,0.8416886650141491,0.9439194316666667,0.895641756313818,0.9116945107398567,0.8569294357850704,0.7564420485175202,
rnabert,RNABERT + MLP,test,30000,0.8696666666666667,0.8730708784482082,0.8696666666666667,0.8694495697571503,0.9584121250000001,0.9205193584157305,0.930563625798954,0.863340100438081,0.8144449830344158,
