model_key,model,seeds,runs,accuracy_mean,accuracy_std,macro_f1_mean,macro_f1_std,auroc_mean,auroc_std,auprc_mean,auprc_std,hard_negative_fpr_mean,hard_negative_fpr_std
cnn,CNN baseline (PyTorch Conv1D),"42,43,44",3,0.8275328692962104,0.012778585956580244,0.8273248272028852,0.012373863035740952,0.9495396617682323,0.0005514774835070687,0.90675972354571,0.000715217442716546,0.34838709677419355,0.0341387265943818
rnabert,RNABERT frozen encoder + MLP,"42,43,44",3,0.8190255220417634,0.0,0.8198690718834727,0.0,0.9298387765640715,0.0,0.8718217194915039,0.0,0.3225806451612903,0.0
rnafm,RNA-FM frozen encoder + MLP,"42,43,44",3,0.7633410672853828,1.3597399555105182e-16,0.7669765384265687,0.0,0.9156663591792572,0.0,0.8402309132007924,0.0,0.32903225806451614,0.0
