model_key,model,split,train_rows,valid_rows,fit_seconds,checkpoint,accuracy,macro_precision,macro_recall,macro_f1,auroc,auprc,donor_f1,acceptor_f1,non_splice_f1
cnn,CNN baseline (PyTorch Conv1D),valid,855,120,6.508356094360352,results/checkpoints/experiment_1/cnn.joblib,0.925,0.9411764705882352,0.896551724137931,0.9065174456879527,0.9823095167922755,0.9613306013606174,1.0,0.9032258064516129,0.8163265306122449
rnafm,RNA-FM frozen encoder + MLP,valid,855,120,1.5221540927886963,results/checkpoints/experiment_1/rnafm.joblib,0.9416666666666667,0.9327337819185645,0.941864101962624,0.9362682662941507,0.9950201750833125,0.9891307190282568,0.9473684210526315,0.9761904761904762,0.8852459016393442
rnabert,RNABERT frozen encoder + MLP,valid,855,120,0.23068714141845703,results/checkpoints/experiment_1/rnabert.joblib,1.0,1.0,1.0,1.0,1.0,1.0,1.0,1.0,1.0
spliceai,SpliceAI optional real tool (proxy fallback),valid,855,120,0.0001347064971923828,results/checkpoints/experiment_1/spliceai.joblib,0.9,0.921945701357466,0.8620689655172414,0.8708844236457306,0.9936002694623385,0.9869755154698794,0.9702970297029703,0.9032258064516129,0.7391304347826086
