model_key,model,split,train_rows,valid_rows,fit_seconds,checkpoint,accuracy,macro_precision,macro_recall,macro_f1,auroc,auprc,donor_f1,acceptor_f1,non_splice_f1
cnn,CNN baseline (PyTorch Conv1D),valid,2339,230,1.8903663158416748,results\checkpoints\experiment_1\cnn.joblib,0.8521739130434782,0.8519762028324948,0.8577801168959303,0.848823551249211,0.9657029340548068,0.9340858731399346,0.9512195121951219,0.821917808219178,0.7733333333333333
rnafm,RNA-FM frozen encoder + MLP,valid,2339,230,26.136418342590332,results\checkpoints\experiment_1\rnafm.joblib,0.808695652173913,0.8124028749028748,0.808033371418975,0.8099329738351834,0.9348604619941151,0.8785875237394217,0.89171974522293,0.7938931297709924,0.7441860465116279
rnabert,RNABERT frozen encoder + MLP,valid,2339,230,6.832745552062988,results\checkpoints\experiment_1\rnabert.joblib,0.8217391304347826,0.8195934500282327,0.8279908474505112,0.8198153494526644,0.955022382494345,0.9168940549499656,0.9079754601226994,0.8194444444444444,0.7320261437908496
