model_key,model,split,train_rows,valid_rows,fit_seconds,checkpoint,accuracy,macro_precision,macro_recall,macro_f1,auroc,auprc,donor_f1,acceptor_f1,non_splice_f1
cnn,CNN baseline (PyTorch Conv1D),valid,855,120,0.9657890796661377,/mnt/d/CAL_BIO/results/checkpoints/experiment_1/cnn.joblib,0.8916666666666667,0.9212121212121213,0.8505747126436782,0.8590301641848034,0.9806113426803083,0.9582642902806002,1.0,0.865979381443299,0.7111111111111111
rnafm,RNA-FM frozen encoder + MLP,valid,855,120,0.14552521705627441,/mnt/d/CAL_BIO/results/checkpoints/experiment_1/rnafm.joblib,0.9833333333333333,0.9818390804597702,0.9805692391899289,0.9811226795024054,0.9993031321692948,0.9982511747813495,0.98989898989899,0.9879518072289156,0.9655172413793104
rnabert,RNABERT frozen encoder + MLP,valid,855,120,0.1096792221069336,/mnt/d/CAL_BIO/results/checkpoints/experiment_1/rnabert.joblib,1.0,1.0,1.0,1.0,1.0,1.0,1.0,1.0,1.0
spliceai,SpliceAI optional real tool (proxy fallback),valid,855,120,7.724761962890625e-05,/mnt/d/CAL_BIO/results/checkpoints/experiment_1/spliceai.joblib,0.9,0.921945701357466,0.8620689655172414,0.8708844236457306,0.9936002694623385,0.9869755154698794,0.9702970297029703,0.9032258064516129,0.7391304347826086
