model_key,model,model_type,backend,split,rows,accuracy,macro_precision,macro_recall,macro_f1,auroc,auprc,donor_f1,acceptor_f1,non_splice_f1,hard_negative_fpr,hard_negative_rows,hard_negative_count,hard_negative_false_positives,hard_negative_filter
cnn,CNN baseline (PyTorch Conv1D),baseline,pytorch_conv1d,test,285,0.887719298245614,0.911128328741965,0.8933333333333334,0.8857895920499826,0.9913943687277019,0.9825134479134746,0.9947643979057592,0.8530805687203792,0.8095238095238095,0.47761194029850745,67,67,32,label == 2 and negative_type contains 'hard'
rnafm,RNA-FM frozen encoder + MLP,frozen encoder,local_pretrained_required,test,285,0.9508771929824561,0.9516331990892583,0.9526315789473684,0.951663456818096,0.9935853360285494,0.9882545144130696,0.9381443298969072,0.989010989010989,0.9278350515463918,0.14925373134328357,67,67,10,label == 2 and negative_type contains 'hard'
rnabert,RNABERT frozen encoder + MLP,frozen encoder,local_pretrained_required,test,285,0.9929824561403509,0.9931944444444444,0.992962962962963,0.9930592685756627,0.9999089345756013,0.9998252796865245,0.9947643979057592,0.994413407821229,0.99,0.014925373134328358,67,67,1,label == 2 and negative_type contains 'hard'
