model_key,model,model_type,backend,split,rows,accuracy,macro_precision,macro_recall,macro_f1,auroc,auprc,donor_f1,acceptor_f1,non_splice_f1,hard_negative_fpr,hard_negative_rows,hard_negative_count,hard_negative_false_positives,hard_negative_filter
cnn,CNN baseline (PyTorch Conv1D),baseline,pytorch_conv1d,test,431,0.8236658932714617,0.8249345124511835,0.8306685514916143,0.8248093957256316,0.948925453521939,0.9070041712622311,0.898876404494382,0.8387096774193549,0.7368421052631579,0.3225806451612903,155,155,50,label == 2 and negative_type contains 'hard'
rnafm,RNA-FM frozen encoder + MLP,frozen encoder,local_pretrained_required,test,431,0.7633410672853829,0.7664267993215361,0.7677153982373145,0.7669765384265687,0.9156663591792572,0.8402309132007924,0.816793893129771,0.8109965635738832,0.6731391585760518,0.32903225806451614,155,155,51,label == 2 and negative_type contains 'hard'
rnabert,RNABERT frozen encoder + MLP,frozen encoder,local_pretrained_required,test,431,0.8190255220417634,0.8195853791598472,0.8261334040993241,0.8198690718834727,0.9298387765640715,0.8718217194915039,0.8888888888888888,0.8338762214983714,0.7368421052631579,0.3225806451612903,155,155,50,label == 2 and negative_type contains 'hard'
