model,bin,rows,score_min,score_max,mean_score,positive_rate
CNN baseline (PyTorch Conv1D),1,58,-0.0176623463630676,8.605420589447021e-06,-0.0011972194087915998,0.9655172413793104
CNN baseline (PyTorch Conv1D),2,58,9.903684258461e-06,0.0001498460769653,8.261415722039246e-05,0.2413793103448276
CNN baseline (PyTorch Conv1D),3,58,0.0001549124717712,0.0004007816314697,0.00027275246022071204,0.1724137931034483
CNN baseline (PyTorch Conv1D),4,58,0.000409223139286,0.0011200904846191,0.0007828465695010672,0.1896551724137931
CNN baseline (PyTorch Conv1D),5,57,0.0011237263679504,0.0986754298210144,0.016327178007677932,0.3157894736842105
CNN baseline (PyTorch Conv1D),6,57,0.1003754734992981,0.1261256337165832,0.11211274067560827,1.0
CNN baseline (PyTorch Conv1D),7,57,0.1262237429618835,0.2333644330501556,0.1817513333078016,1.0
CNN baseline (PyTorch Conv1D),8,57,0.2335143089294433,0.3376615345478058,0.2606001585199122,1.0
