model,seeds,runs,auroc_mean,auroc_std,auprc_mean,auprc_std,top_k_recall_mean,top_k_recall_std,enrichment_at_k_mean,enrichment_at_k_std
RNA-FM frozen encoder + MLP,"42,43,44",3,0.6683729158041326,0.0,0.6559308578340268,0.0,0.13496932515337423,0.0,1.3333333333333333,0.0
CNN baseline (PyTorch Conv1D),"42,43,44",3,0.5461126375349717,0.019520453304641153,0.5632493415522636,0.008575247027019981,0.1165644171779141,0.0061349693251533735,1.1515151515151514,0.06060606060606066
RNABERT frozen encoder + MLP,"42,43,44",3,0.5154879747073657,0.0,0.5441978512536718,0.0,0.11042944785276072,1.6996749443881478e-17,1.0909090909090908,0.0
