model,seeds,runs,auroc_mean,auroc_std,auprc_mean,auprc_std,top_k_recall_mean,top_k_recall_std,enrichment_at_k_mean,enrichment_at_k_std
RNA-FM frozen encoder + MLP,"42,43,44",3,0.7532,0.0,0.783894708587813,0.0,0.19600000000000004,3.3993498887762956e-17,1.96,0.0
CNN baseline (PyTorch Conv1D),"42,43,44",3,0.6887146666666667,0.01223488869313222,0.7379275929147902,0.0046340761946889394,0.19733333333333336,0.0023094010767585054,1.9733333333333334,0.02309401076758505
RNABERT frozen encoder + MLP,"42,43,44",3,0.66728,0.0,0.7326115968315969,0.0,0.19600000000000004,3.3993498887762956e-17,1.96,0.0
