model,bin,rows,score_min,score_max,mean_score,positive_rate
SpliceAI real sequence model,1,58,-0.115095724363063,-4.62137465904256e-07,-0.0021926990167687598,1.0
SpliceAI real sequence model,2,58,-3.173276576866403e-07,3.893665715304102e-05,1.1702319108592297e-05,0.4482758620689655
SpliceAI real sequence model,3,58,3.929466752915586e-05,0.0006779471596253,0.00022983860480156338,0.1896551724137931
SpliceAI real sequence model,4,58,0.000745026736298,0.0045565707538244,0.002350871640112588,0.25862068965517243
SpliceAI real sequence model,5,57,0.0047833386378219,0.0179915676132857,0.00968171078041648,0.2631578947368421
SpliceAI real sequence model,6,57,0.0201077745526743,0.4575381511345852,0.15968992344263375,0.7192982456140351
SpliceAI real sequence model,7,57,0.4628729024283648,0.7571353721459436,0.6641941710376514,1.0
SpliceAI real sequence model,8,57,0.758732437492357,0.9837046404458109,0.8397023426236196,1.0
