model,bin,rows,score_min,score_max,mean_score,positive_rate
RNABERT zero-shot token distance,1,58,0.00870396412148399,0.010362738963111696,0.009997058542351452,0.0
RNABERT zero-shot token distance,2,58,0.010362738963111696,0.010946419159422746,0.010751553030511693,0.0
RNABERT zero-shot token distance,3,58,0.010946419159422746,0.01176120550757603,0.011095227635077882,0.034482758620689655
RNABERT zero-shot token distance,4,58,0.01176120550757603,0.020905740943017823,0.015213955874907254,0.8620689655172413
RNABERT zero-shot token distance,5,57,0.020905740943017836,1.7553742631805642,0.6753669926691106,1.0
RNABERT zero-shot token distance,6,57,1.7553742631805642,1.7553742631805642,1.755374263180564,1.0
RNABERT zero-shot token distance,7,57,1.7553742631805642,1.756404676137825,1.7559704720215459,1.0
RNABERT zero-shot token distance,8,57,1.756404676137825,1.7568351904372872,1.7566119457105507,1.0
