model,source,auroc,auprc,top_k,top_k_recall,enrichment_at_k,variants
CNN baseline (PyTorch Conv1D),trained_classifier,0.8611111111111112,0.8968253968253967,2.0,0.3333333333333333,2.0,12
RNABERT frozen encoder + MLP,trained_classifier,0.3333333333333333,0.6146464646464646,2.0,0.3333333333333333,2.0,12
RNA-FM frozen encoder + MLP,trained_classifier,0.38888888888888895,0.5757575757575758,2.0,0.16666666666666666,1.0,12
