model,source,auroc,auprc,top_k,top_k_recall,enrichment_at_k,variants
RNA-FM frozen encoder + MLP,trained_classifier,0.7222222222222223,0.7583333333333333,2.0,0.16666666666666666,1.0,12
RNABERT frozen encoder + MLP,trained_classifier,0.41666666666666663,0.6365740740740741,2.0,0.3333333333333333,2.0,12
CNN baseline (PyTorch Conv1D),trained_classifier,0.4722222222222222,0.5806878306878307,2.0,0.16666666666666666,1.0,12
